<coordinator-app name="dwh-coord" frequency="59 23 * * *" start="${start}" end="${end}" timezone="UTC"
                 xmlns="uri:oozie:coordinator:0.2">
        <action>
        <workflow>
            <app-path>${workflowAppUri}</app-path>
            <configuration>
                <property>
                    <name>jobTracker</name>
                    <value>${jobTracker}</value>
                </property>
                <property>
                    <name>nameNode</name>
                    <value>${namenode}</value>
                </property>
            </configuration>
        </workflow>
    </action>
</coordinator-app>
